9,NULL
17,NULL
21,NULL
32,NULL
43,NULL
52,NULL
68,NULL
77,NULL
79,NULL
116,NULL
139,NULL
147,NULL
157,NULL
158,NULL
167,NULL
172,NULL
174,NULL
180,NULL
182,NULL
186,NULL
241,Road Frames
272,Road Frames
277,Road Frames
284,Road Frames
306,Mountain Frames
311,Road Bikes
313,Road Bikes
334,Road Bikes
362,Mountain Bikes
370,Road Bikes
372,Road Bikes
378,Road Bikes
383,Road Bikes
408,Handlebars
431,Road Frames
449,Pumps
450,Lights
467,Gloves
476,Shorts
479,Bottles and Cages
483,Bike Racks
501,Derailleurs
516,Saddles
531,Mountain Frames
537,Tires and Tubes
561,Touring Bikes
568,Touring Bikes
591,Mountain Bikes
592,Mountain Bikes
605,Road Bikes
